{
  "train_loss": [
    2.6884153894926786,
    1.1723511203606642,
    0.6228792381454817,
    0.44117188663919976,
    0.3252208310670533,
    0.23479520322329012,
    0.18813161920758292,
    0.15876271220461752,
    0.12288325026342267,
    0.10936804782426196,
    0.12544896050210141,
    0.08072188941609643,
    0.10420690830807908,
    0.07687077149617398,
    0.07773250963830163,
    0.05847645221143383,
    0.06392349687781074,
    0.03945154320888839,
    0.052232333955555925,
    0.05179915833410132,
    0.06671980079449603,
    0.07923764785393626,
    0.055629867576347386,
    0.03337462614566911,
    0.020821822030816898,
    0.0214286666299966
  ],
  "train_acc": [
    0.3838918283362728,
    0.7278071722516167,
    0.84891240446796,
    0.8777189888300999,
    0.91005291005291,
    0.9382716049382716,
    0.9441504997060552,
    0.956496178718401,
    0.9653145208700764,
    0.9659024103468548,
    0.9611992945326279,
    0.975896531452087,
    0.9706055261610818,
    0.982363315696649,
    0.9706055261610818,
    0.9788359788359788,
    0.9782480893592005,
    0.9870664315108759,
    0.9829512051734274,
    0.9847148736037625,
    0.9800117577895355,
    0.9770723104056437,
    0.9870664315108759,
    0.9870664315108759,
    0.9929453262786596,
    0.993533215755438
  ],
  "val_loss": [
    1.4163969710399287,
    0.6117905230029648,
    0.5172332500068235,
    0.49271575162108516,
    0.577256311833019,
    0.5302323074967649,
    0.4799336670709888,
    0.4389110831587527,
    0.6016061048552463,
    0.5088875131427962,
    0.37110912282142283,
    0.539849880155823,
    0.3471665963040831,
    0.3652302702547799,
    0.42347188622738835,
    0.37282020056471576,
    0.4396058974411566,
    0.4486948351065318,
    0.4206508074847745,
    0.40601711164058096,
    0.4066727460829865,
    0.3213998259792865,
    0.3721845764229555,
    0.3635186606169866,
    0.36242230257517855,
    0.3417332875476757
  ],
  "val_acc": [
    0.7183098591549296,
    0.8215962441314554,
    0.863849765258216,
    0.8873239436619719,
    0.8685446009389671,
    0.863849765258216,
    0.8826291079812206,
    0.8826291079812206,
    0.8826291079812206,
    0.8873239436619719,
    0.8826291079812206,
    0.8826291079812206,
    0.9014084507042254,
    0.8967136150234741,
    0.8967136150234741,
    0.9107981220657277,
    0.9061032863849765,
    0.892018779342723,
    0.892018779342723,
    0.9061032863849765,
    0.9061032863849765,
    0.9061032863849765,
    0.9014084507042254,
    0.9014084507042254,
    0.9014084507042254,
    0.9107981220657277
  ]
}